user,url,timestamp
ANONYMIZED,https://www.instagram.com/p/DD7S5ceixpY/,1734974164
ANONYMIZED,https://www.instagram.com/p/DD4URuSKsxh/,1734873611
ANONYMIZED,https://www.instagram.com/p/DD2Cy8TNxId/,1734826084
ANONYMIZED,https://www.instagram.com/p/DD2iGF0tN4E/,1734825125
ANONYMIZED,https://www.instagram.com/p/DD23GRtosOY/,1734824600
ANONYMIZED,https://www.instagram.com/p/DDz4UaZO7qm/,1734734574
ANONYMIZED,https://www.instagram.com/p/DDth706NW30/,1734522272
ANONYMIZED,https://www.instagram.com/reel/DDsITOhtBxf/,1734460892
ANONYMIZED,https://www.instagram.com/p/DDrkMezI9P9/,1734446766
ANONYMIZED,https://www.instagram.com/p/DDm9aC3Of4m/,1734337550
ANONYMIZED,https://www.instagram.com/p/DDnImKqt5kc/,1734298485
ANONYMIZED,https://www.instagram.com/p/DDPUI1aCUtr/,1734297081
ANONYMIZED,https://www.instagram.com/p/DDnBh_NuOZt/,1734292809
ANONYMIZED,https://www.instagram.com/p/DDZreGJNmX4/,1734282418
ANONYMIZED,https://www.instagram.com/p/DDmnV9It59U/,1734275081
ANONYMIZED,https://www.instagram.com/reel/DATzRmptpha/,1734265950
ANONYMIZED,https://www.instagram.com/reel/DDO3VV-ITXA/,1734183494
ANONYMIZED,https://www.instagram.com/p/DDiUcdqsObF/,1734170017
ANONYMIZED,https://www.instagram.com/p/DDiDmgfuS47/,1734123385
ANONYMIZED,https://www.instagram.com/p/DDhsDLNI9u9/,1734116172
ANONYMIZED,https://www.instagram.com/p/DDhup85t1p5/,1734114448
ANONYMIZED,https://www.instagram.com/p/DDXynIMOD-f/,1734105204
ANONYMIZED,https://www.instagram.com/p/DDhfPGotVeS/,1734104031
ANONYMIZED,https://www.instagram.com/p/DDejgsVojR2/,1734022101
ANONYMIZED,https://www.instagram.com/p/DDciVsSiTqo/,1734004839
ANONYMIZED,https://www.instagram.com/reel/DDaLK45xO3l/,1733858181
ANONYMIZED,https://www.instagram.com/p/DDUzWbtASJk/,1733691196
ANONYMIZED,https://www.instagram.com/p/DDKxiBXOrZt/,1733408017
ANONYMIZED,https://www.instagram.com/p/DDMnV0Kt58Y/,1733407008
ANONYMIZED,https://www.instagram.com/p/DDH9b8Isooq/,1733254766
ANONYMIZED,https://www.instagram.com/p/DDIBvwDONuO/,1733250561
ANONYMIZED,https://www.instagram.com/p/DDHpLYSi2-l/,1733238255
ANONYMIZED,https://www.instagram.com/p/DDFtI_dOzX6/,1733207419
ANONYMIZED,https://www.instagram.com/p/DDFyV9mtM7z/,1733207310
ANONYMIZED,https://www.instagram.com/p/DDFn5uQx2rg/,1733179488
ANONYMIZED,https://www.instagram.com/p/DDCp-S_IlmX/,1733139674
ANONYMIZED,https://www.instagram.com/p/DDAekyQOnG_/,1732995841
ANONYMIZED,https://www.instagram.com/p/DC9UN9YN04M/,1732912743
ANONYMIZED,https://www.instagram.com/p/DC9B3bHNkuD/,1732896264
ANONYMIZED,https://www.instagram.com/reel/DC66wlqtdBr/,1732893990
ANONYMIZED,https://www.instagram.com/p/DCzBYNmoEPS/,1732548325
ANONYMIZED,https://www.instagram.com/p/DCwoB1uobAg/,1732469113
ANONYMIZED,https://www.instagram.com/p/DCv2fk1Ikni/,1732437871
ANONYMIZED,https://www.instagram.com/p/DCvwjeEogbN/,1732437159
ANONYMIZED,https://www.instagram.com/p/DCukuv-NIvl/,1732396669
ANONYMIZED,https://www.instagram.com/p/DCWUPMHqOoi/,1732039698
ANONYMIZED,https://www.instagram.com/p/DCe1wZEuIB4/,1731871341
ANONYMIZED,https://www.instagram.com/reel/DCejo4GMfqS/,1731862851
ANONYMIZED,https://www.instagram.com/p/DCeXD7JtpUO/,1731854444
ANONYMIZED,https://www.instagram.com/p/DCcTsqItEEK/,1731783007
ANONYMIZED,https://www.instagram.com/p/DCZBAMZNz-Q/,1731674446
ANONYMIZED,https://www.instagram.com/p/DCUNL18tqDx/,1731516030
ANONYMIZED,https://www.instagram.com/p/DCOkT4Zt0QP/,1731334547
ANONYMIZED,https://www.instagram.com/p/DCKSajsgXy7/,1731219962
ANONYMIZED,https://www.instagram.com/p/DCKWcGSOSzT/,1731181503
ANONYMIZED,https://www.instagram.com/p/DCFJglZRht6/,1731014883
ANONYMIZED,https://www.instagram.com/p/DCFNtQFRA24/,1731014881
ANONYMIZED,https://www.instagram.com/p/DCD4XJiNu-h/,1730987312
ANONYMIZED,https://www.instagram.com/p/DB_M3h4In3q/,1730816106
ANONYMIZED,https://www.instagram.com/p/DB_IBvLO3vi/,1730816074
ANONYMIZED,https://www.instagram.com/p/DB1gNpAtail/,1730634634
ANONYMIZED,https://www.instagram.com/p/DB4gm7ZOpE2/,1730583199
ANONYMIZED,https://www.instagram.com/p/DB4SbFZNa0U/,1730577913
ANONYMIZED,https://www.instagram.com/p/DB4Atj0tPW_/,1730564514
ANONYMIZED,https://www.instagram.com/reel/DB3M_QHKS2J/,1730541637
ANONYMIZED,https://www.instagram.com/p/DB1yLtvR6FX/,1730490738
ANONYMIZED,https://www.instagram.com/reel/DB1YD3TISwy/,1730490721
ANONYMIZED,https://www.instagram.com/p/DB1W09bNjiI/,1730489834
ANONYMIZED,https://www.instagram.com/p/DB1a44BquN5/,1730489722
ANONYMIZED,https://www.instagram.com/reel/DB1pYfzNUSC/,1730485470
ANONYMIZED,https://www.instagram.com/p/DByxnSbo8l_/,1730406433
ANONYMIZED,https://www.instagram.com/p/DBwIJFltUfv/,1730384185
ANONYMIZED,https://www.instagram.com/p/DBwai8XNrOR/,1730323214
ANONYMIZED,https://www.instagram.com/p/DBwMVYpsaif/,1730323209
ANONYMIZED,https://www.instagram.com/reel/DBwfrrZNE_M/,1730316124
ANONYMIZED,https://www.instagram.com/p/DBwhmR_so3O/,1730313415
ANONYMIZED,https://www.instagram.com/p/DBwZ3Adok1t/,1730309594
ANONYMIZED,https://www.instagram.com/p/DBtKY6BoO78/,1730285284
ANONYMIZED,https://www.instagram.com/reel/DBs2TbetKH3/,1730276997
ANONYMIZED,https://www.instagram.com/p/DBtMXPTqJyL/,1730246367
ANONYMIZED,https://www.instagram.com/reel/DBtwo2XNK38/,1730246342
ANONYMIZED,https://www.instagram.com/p/DBt5Xw-I4OM/,1730245977
ANONYMIZED,https://www.instagram.com/reel/DBsvds7oAcl/,1730199753
ANONYMIZED,https://www.instagram.com/p/DBrXiPEMaTG/,1730141315
ANONYMIZED,https://www.instagram.com/p/DAIbrCNMnhR/,1730128135
ANONYMIZED,https://www.instagram.com/p/DBrBSxLshRO/,1730128024
ANONYMIZED,https://www.instagram.com/reel/C_S4J0ngrds/,1730020143
ANONYMIZED,https://www.instagram.com/p/DBmgHkpuh9-/,1729979500
ANONYMIZED,https://www.instagram.com/reel/DBP1LbkRsFM/,1729969375
ANONYMIZED,https://www.instagram.com/p/DBlm41CtAdZ/,1729956026
ANONYMIZED,https://www.instagram.com/p/DBlg7zXtgmM/,1729955861
ANONYMIZED,https://www.instagram.com/p/DBlhrk1NtTS/,1729945260
ANONYMIZED,https://www.instagram.com/p/DBg_AHRN08_/,1729792094
ANONYMIZED,https://www.instagram.com/p/DBb57q_I0VR/,1729679272
ANONYMIZED,https://www.instagram.com/reel/DBcItf7Mhq0/,1729631437
ANONYMIZED,https://www.instagram.com/p/DBb2jCQt8Ca/,1729621708
ANONYMIZED,https://www.instagram.com/p/DBZZEDJN6uV/,1729536675
ANONYMIZED,https://www.instagram.com/p/DBY0ScXoj6c/,1729523861
ANONYMIZED,https://www.instagram.com/p/DBY-5GitPrd/,1729523201
ANONYMIZED,https://www.instagram.com/p/DBWy-9bip62/,1729455487
ANONYMIZED,https://www.instagram.com/p/DBWSE7rNI3P/,1729438132
ANONYMIZED,https://www.instagram.com/p/DBUCFWItZNj/,1729361306
ANONYMIZED,https://www.instagram.com/p/DBT0Z8WoZVO/,1729355804
ANONYMIZED,https://www.instagram.com/p/DBT1Ac3siNz/,1729355776
ANONYMIZED,https://www.instagram.com/p/DBTZtbhtpQz/,1729336595
ANONYMIZED,https://www.instagram.com/p/DBN6be0tPrJ/,1729289696
ANONYMIZED,https://www.instagram.com/reel/DBOT-Ymt7Dm/,1729285814
ANONYMIZED,https://www.instagram.com/p/DBPbzKQIdIS/,1729208948
ANONYMIZED,https://www.instagram.com/p/DBO_SVgtpcQ/,1729190628
ANONYMIZED,https://www.instagram.com/p/DBOuSoAIsrF/,1729180921
ANONYMIZED,https://www.instagram.com/reel/DBOYB2pMSvt/,1729168312
ANONYMIZED,https://www.instagram.com/p/DBMVkSlotLD/,1729121514
ANONYMIZED,https://www.instagram.com/p/DBMNuGRtcZ7/,1729121350
ANONYMIZED,https://www.instagram.com/p/DBMvDuZoco9/,1729121336
ANONYMIZED,https://www.instagram.com/p/DBMVYMUgV6j/,1729121287
ANONYMIZED,https://www.instagram.com/p/DBJ-h-1RhxL/,1729066389
ANONYMIZED,https://www.instagram.com/p/DBKn96uoejy/,1729066211
ANONYMIZED,https://www.instagram.com/reel/DBJzPYCN_av/,1729017813
ANONYMIZED,https://www.instagram.com/reel/DBJhEuVqyjT/,1729005530
ANONYMIZED,https://www.instagram.com/p/DBJWJUBtopV/,1728998317
ANONYMIZED,https://www.instagram.com/reel/DBHGjYetUvk/,1728923053
ANONYMIZED,https://www.instagram.com/p/DBGu1yTIUFC/,1728912949
ANONYMIZED,https://www.instagram.com/p/DBE7hzZxsUl/,1728900924
ANONYMIZED,https://www.instagram.com/p/DBEO4uHAj3T/,1728834132
ANONYMIZED,https://www.instagram.com/reel/DBCOQ6WtWeq/,1728772969
ANONYMIZED,https://www.instagram.com/p/DBCQVK2snOV/,1728772953
ANONYMIZED,https://www.instagram.com/p/DA_opAjs9qx/,1728734202
ANONYMIZED,https://www.instagram.com/reel/DA5x9hINWwY/,1728540994
ANONYMIZED,https://www.instagram.com/p/DA3uNlWMY_p/,1728540167
ANONYMIZED,https://www.instagram.com/p/DAzFIKYC-9_/,1728404894
ANONYMIZED,https://www.instagram.com/p/DA1SMwJClXe/,1728335195
ANONYMIZED,https://www.instagram.com/p/DA099AIKlWW/,1728316840
ANONYMIZED,https://www.instagram.com/p/DA0jdzytKTh/,1728305582
ANONYMIZED,https://www.instagram.com/p/DA0T09KMro9/,1728293289
ANONYMIZED,https://www.instagram.com/p/DAyy8fENZNN/,1728290507
ANONYMIZED,https://www.instagram.com/p/DAzGI7pgrqw/,1728285898
ANONYMIZED,https://www.instagram.com/p/DAynmfEIHXb/,1728236910
ANONYMIZED,https://www.instagram.com/p/DAwwhf_CyMR/,1728197449
ANONYMIZED,https://www.instagram.com/p/DAvE60KoY22/,1728116967
ANONYMIZED,https://www.instagram.com/p/DAs5jOkgaiq/,1728063747
ANONYMIZED,https://www.instagram.com/p/DAtZ0bYJzCr/,1728063454
ANONYMIZED,https://www.instagram.com/p/DAs4Zk2Nl9g/,1728043628
ANONYMIZED,https://www.instagram.com/p/DAq8WV6Cqfj/,1727979965
ANONYMIZED,https://www.instagram.com/p/C92lOdytSeT/,1727811335
ANONYMIZED,https://www.instagram.com/p/DAlt8NWNY-k/,1727803656
ANONYMIZED,https://www.instagram.com/p/DAjKdUAIWWN/,1727766998
ANONYMIZED,https://www.instagram.com/p/DAjkJhetl32/,1727766915
ANONYMIZED,https://www.instagram.com/p/DAjYE3ZupWB/,1727726344
ANONYMIZED,https://www.instagram.com/p/DAi4wKwvQm3/,1727711201
ANONYMIZED,https://www.instagram.com/p/DAa4yhpoyms/,1727635386
ANONYMIZED,https://www.instagram.com/p/DAgp6YAOuDA/,1727634577
ANONYMIZED,https://www.instagram.com/p/DAeIX86tNqo/,1727558104
ANONYMIZED,https://www.instagram.com/p/DAb2OljJiXg/,1727477897
ANONYMIZED,https://www.instagram.com/reel/DAa5yxsIvxO/,1727443852
ANONYMIZED,https://www.instagram.com/reel/DAT1Pu3qYoH/,1727208538
ANONYMIZED,https://www.instagram.com/p/DATpGj2qEFa/,1727200621
ANONYMIZED,https://www.instagram.com/p/DAQtQTHKWnb/,1727105340
ANONYMIZED,https://www.instagram.com/reel/DAOim4JttYr/,1727034273
ANONYMIZED,https://www.instagram.com/p/DAOc-5Kt3LP/,1727034259
ANONYMIZED,https://www.instagram.com/p/DAMAXGEN6pz/,1726944554
ANONYMIZED,https://www.instagram.com/p/DAL7eyxKLeI/,1726938656
ANONYMIZED,https://www.instagram.com/p/DAJs3RYuvXl/,1726911958
ANONYMIZED,https://www.instagram.com/p/DAJ5OCJMazg/,1726911141
ANONYMIZED,https://www.instagram.com/p/DAJqNINN75y/,1726868333
ANONYMIZED,https://www.instagram.com/p/DAG91p4OoMR/,1726818102
ANONYMIZED,https://www.instagram.com/p/DAETHsaoswA/,1726685526
ANONYMIZED,https://www.instagram.com/p/DAD_FQFNoUT/,1726674341
ANONYMIZED,https://www.instagram.com/reel/DABnleXMGyP/,1726599286
ANONYMIZED,https://www.instagram.com/reel/C_8AKMxoaeN/,1726413239
ANONYMIZED,https://www.instagram.com/p/C_6eRR3oGwN/,1726357106
ANONYMIZED,https://www.instagram.com/p/C_6JVSSoa_x/,1726342432
ANONYMIZED,https://www.instagram.com/p/C_3gk7uKrxC/,1726252661
ANONYMIZED,https://www.instagram.com/reel/C_25_vaMRw2/,1726234252
ANONYMIZED,https://www.instagram.com/reel/C_n9YUbIXtR/,1726133657
ANONYMIZED,https://www.instagram.com/p/C_vQZHER7UV/,1725976180
ANONYMIZED,https://www.instagram.com/p/C_opoVHt-pE/,1725968685
ANONYMIZED,https://www.instagram.com/reel/C_sX42GIkKf/,1725890924
ANONYMIZED,https://www.instagram.com/p/C_so2rsRyOA/,1725890915
ANONYMIZED,https://www.instagram.com/reel/C_spEUxs5C1/,1725888178
ANONYMIZED,https://www.instagram.com/p/C_q79h8Aab-/,1725831052
ANONYMIZED,https://www.instagram.com/p/C_qep3pN4l3/,1725814890
ANONYMIZED,https://www.instagram.com/reel/C_qRMSfNyKg/,1725809202
ANONYMIZED,https://www.instagram.com/p/C_qJwBBMGYV/,1725805490
ANONYMIZED,https://www.instagram.com/p/C_GTz4jqKoB/,1725719673
ANONYMIZED,https://www.instagram.com/p/C_leSX8AxhF/,1725655432
ANONYMIZED,https://www.instagram.com/reel/C_k5A2GsIwh/,1725633515
ANONYMIZED,https://www.instagram.com/p/C_jHIAIu_cC/,1725575044
ANONYMIZED,https://www.instagram.com/p/C_if4txsPl3/,1725547888
ANONYMIZED,https://www.instagram.com/p/C_dvMXaq4Ti/,1725537814
ANONYMIZED,https://www.instagram.com/p/C_dip8PgALD/,1725407768
ANONYMIZED,https://www.instagram.com/p/C_dnqaIAC8V/,1725407757
ANONYMIZED,https://www.instagram.com/p/C_Yd55YIgCP/,1725212696
ANONYMIZED,https://www.instagram.com/p/C_XoQP0sv01/,1725195119
ANONYMIZED,https://www.instagram.com/p/C_OF8wxNvrb/,1724867201
ANONYMIZED,https://www.instagram.com/p/C_OBfO3N4V1/,1724860821
ANONYMIZED,https://www.instagram.com/p/C_OApp7MT7U/,1724859638
ANONYMIZED,https://www.instagram.com/p/C_LyeCLuV9X/,1724794414
ANONYMIZED,https://www.instagram.com/p/C_GWv6AtK_H/,1724615591
ANONYMIZED,https://www.instagram.com/p/C-8Jd3Ws__s/,1724487978
ANONYMIZED,https://www.instagram.com/reel/C-4Y0-sNQyp/,1724353006
ANONYMIZED,https://www.instagram.com/p/C--bftgIcLf/,1724341284
ANONYMIZED,https://www.instagram.com/p/C-5w-ivs1Yd/,1724317524
ANONYMIZED,https://www.instagram.com/p/C-kpN68NggT/,1724158339
ANONYMIZED,https://www.instagram.com/p/C-3LDWiu6eF/,1724094100
ANONYMIZED,https://www.instagram.com/p/C-zoljcOznR/,1723984509
ANONYMIZED,https://www.instagram.com/p/C-za4J9sxsy/,1723970378
ANONYMIZED,https://www.instagram.com/reel/C-vuFRBuR5R/,1723878336
ANONYMIZED,https://www.instagram.com/p/C-mhzGutpEJ/,1723547004
ANONYMIZED,https://www.instagram.com/p/C-mncKoomxp/,1723540755
ANONYMIZED,https://www.instagram.com/p/C-lEhvHgPEi/,1723490467
ANONYMIZED,https://www.instagram.com/p/C-lLkMxodEj/,1723490445
ANONYMIZED,https://www.instagram.com/p/C-k45kzsyhL/,1723480043
ANONYMIZED,https://www.instagram.com/p/C-kAM7ygGbO/,1723473709
ANONYMIZED,https://www.instagram.com/p/C-iLw0QtLDE/,1723389057
ANONYMIZED,https://www.instagram.com/p/C-gSOfOup00/,1723327308
ANONYMIZED,https://www.instagram.com/p/C-gKEkju7p8/,1723322158
ANONYMIZED,https://www.instagram.com/p/C-gKGEsOrli/,1723321727
ANONYMIZED,https://www.instagram.com/p/C-gDjKlOnyf/,1723320528
ANONYMIZED,https://www.instagram.com/p/C-YbGMjNJGm/,1723214823
ANONYMIZED,https://www.instagram.com/p/C-JlfNhtbp6/,1722575162
ANONYMIZED,https://www.instagram.com/p/C-An2b_IkO6/,1722322200
ANONYMIZED,https://www.instagram.com/p/C-Ad2MYtjB6/,1722322191
ANONYMIZED,https://www.instagram.com/p/C-BAKLItEaz/,1722322168
ANONYMIZED,https://www.instagram.com/p/C9-RyKRoDHm/,1722193194
ANONYMIZED,https://www.instagram.com/p/C9-O5Z6ofFM/,1722185073
ANONYMIZED,https://www.instagram.com/p/C90aa4WoF9W/,1721919610
ANONYMIZED,https://www.instagram.com/p/C9xMNhQoQcD/,1721747941
ANONYMIZED,https://www.instagram.com/p/C9mkdCsoolw/,1721467194
ANONYMIZED,https://www.instagram.com/p/C9kj80EquyG/,1721330807
ANONYMIZED,https://www.instagram.com/reel/C9kDvpDonFG/,1721306348
ANONYMIZED,https://www.instagram.com/p/C9fnHkXo9Xa/,1721202735
ANONYMIZED,https://www.instagram.com/p/C9f6NALN_k8/,1721202394
ANONYMIZED,https://www.instagram.com/p/C9fatEmNuh9/,1721152970
ANONYMIZED,https://www.instagram.com/reel/C9e-IT3op5j/,1721133939
ANONYMIZED,https://www.instagram.com/p/C9aWl-6MDOM/,1720990839
ANONYMIZED,https://www.instagram.com/p/C9acGhcokvJ/,1720990824
ANONYMIZED,https://www.instagram.com/p/C9aUNwgqP8J/,1720983456
ANONYMIZED,https://www.instagram.com/p/C9aN2iSiZLl/,1720977256
ANONYMIZED,https://www.instagram.com/p/C9XvkgVI-wG/,1720893902
ANONYMIZED,https://www.instagram.com/p/C9QNXpaO14W/,1720781308
ANONYMIZED,https://www.instagram.com/p/C9Nt1kHozXT/,1720554748
ANONYMIZED,https://www.instagram.com/p/C9IhVsHMMrB/,1720398671
ANONYMIZED,https://www.instagram.com/reel/C8398t2Mr-X/,1720186724
ANONYMIZED,https://www.instagram.com/p/C897nPVoDjC/,1720056232
ANONYMIZED,https://www.instagram.com/p/C8-D3HBNXRO/,1720056217
ANONYMIZED,https://www.instagram.com/p/C8-Q3qlNErQ/,1720056180
ANONYMIZED,https://www.instagram.com/p/C82XBQ7MR8M/,1719771042
ANONYMIZED,https://www.instagram.com/p/C8zLqiiN3dN/,1719744878
ANONYMIZED,https://www.instagram.com/p/C8zvcdaKhSH/,1719696538
ANONYMIZED,https://www.instagram.com/reel/C8ukDvKMFae/,1719603331
ANONYMIZED,https://www.instagram.com/reel/C8kGMW4CcF-/,1719521590
ANONYMIZED,https://www.instagram.com/p/C8sCWDbIpUg/,1719520414
ANONYMIZED,https://www.instagram.com/p/C8uo6ObAO5j/,1719514018
ANONYMIZED,https://www.instagram.com/p/C8ucGmCs-cS/,1719506027
ANONYMIZED,https://www.instagram.com/p/C8uNAW-oc0j/,1719500407
ANONYMIZED,https://www.instagram.com/reel/C8t_OQVsmTS/,1719490580
ANONYMIZED,https://www.instagram.com/p/C8qAaytK7Ql/,1719397098
ANONYMIZED,https://www.instagram.com/p/C8m98Zmtkpi/,1719258011
ANONYMIZED,https://www.instagram.com/p/C8kc_kLARka/,1719171196
ANONYMIZED,https://www.instagram.com/p/C8dLUW2Kk-4/,1718928266
ANONYMIZED,https://www.instagram.com/p/C8ZoqdmoatR/,1718820678
ANONYMIZED,https://www.instagram.com/p/C8XugqdNnaT/,1718751340
ANONYMIZED,https://www.instagram.com/p/C8XmxMVIOum/,1718742613
ANONYMIZED,https://www.instagram.com/p/C8WZk-9tyia/,1718700338
ANONYMIZED,https://www.instagram.com/p/C8U2u1miSMS/,1718695066
ANONYMIZED,https://www.instagram.com/p/C8M9jvES9dQ/,1718398597
ANONYMIZED,https://www.instagram.com/p/C8NMPT4sDrI/,1718395720
ANONYMIZED,https://www.instagram.com/p/C8KlYbXN53_/,1718304152
ANONYMIZED,https://www.instagram.com/p/C8Ds3UuqXLc/,1718100575
ANONYMIZED,https://www.instagram.com/p/C8Dmp-gKS3d/,1718069848
ANONYMIZED,https://www.instagram.com/p/C8C7YS8KInH/,1718050945
ANONYMIZED,https://www.instagram.com/p/C7489G2qIAz/,1717712586
ANONYMIZED,https://www.instagram.com/p/C74AjUGNJfm/,1717690628
ANONYMIZED,https://www.instagram.com/p/C72FXivNQrE/,1717623915
ANONYMIZED,https://www.instagram.com/p/C7xBFsfu0EA/,1717445462
ANONYMIZED,https://www.instagram.com/p/C7wwBwosvqO/,1717435455
ANONYMIZED,https://www.instagram.com/p/C7woVfNoe1r/,1717431577
ANONYMIZED,https://www.instagram.com/p/C7wIJkYNfSO/,1717415005
ANONYMIZED,https://www.instagram.com/p/C7ugxAWAR55/,1717371736
ANONYMIZED,https://www.instagram.com/p/C7tum1Zs0Gq/,1717344070
ANONYMIZED,https://www.instagram.com/p/C7tXeMstvLU/,1717326489
ANONYMIZED,https://www.instagram.com/p/C7rz3BRom7p/,1717269726
ANONYMIZED,https://www.instagram.com/p/C7ow6M8tCzi/,1717177091
ANONYMIZED,https://www.instagram.com/p/C7m0Z7vIdYo/,1717107795
ANONYMIZED,https://www.instagram.com/p/C7mIXkSIDN2/,1717089940
ANONYMIZED,https://www.instagram.com/p/C7j34X9IAbs/,1717005306
ANONYMIZED,https://www.instagram.com/p/C7hrlQFoei0/,1716988774
ANONYMIZED,https://www.instagram.com/reel/C7eiZP5sQGa/,1716832201
ANONYMIZED,https://www.instagram.com/p/C7beIVlqvXE/,1716724115
ANONYMIZED,https://www.instagram.com/p/C7XU7C_tcCQ/,1716582424
ANONYMIZED,https://www.instagram.com/reel/C7WtP5wtfu1/,1716564652
ANONYMIZED,https://www.instagram.com/p/C7QsXCTt0yJ/,1716502297
ANONYMIZED,https://www.instagram.com/p/C7U6OHFNnZX/,1716502294
ANONYMIZED,https://www.instagram.com/p/C7MsKF1MV33/,1716230428
ANONYMIZED,https://www.instagram.com/p/C7HRCNHIsEX/,1716043755
ANONYMIZED,https://www.instagram.com/p/C7ESeBctqBn/,1715943650
ANONYMIZED,https://www.instagram.com/p/C7CdzQVrYaa/,1715923338
ANONYMIZED,https://www.instagram.com/p/C6_oYoToZNr/,1715854735
ANONYMIZED,https://www.instagram.com/p/C66z_jjrEAc/,1715629508
ANONYMIZED,https://www.instagram.com/p/C63pcuHIcFN/,1715534866
ANONYMIZED,https://www.instagram.com/p/C61LJP-IMOq/,1715445434
ANONYMIZED,https://www.instagram.com/p/C6zPsHQsU0f/,1715374917
ANONYMIZED,https://www.instagram.com/p/C6x7sjjI7MI/,1715332433
ANONYMIZED,https://www.instagram.com/p/C6weQheLaw4/,1715278578
ANONYMIZED,https://www.instagram.com/p/C6tPOxkMR0m/,1715183952
ANONYMIZED,https://www.instagram.com/p/C6tcci6iaFt/,1715181471
ANONYMIZED,https://www.instagram.com/p/C6rZVUfqcxQ/,1715116545
ANONYMIZED,https://www.instagram.com/p/C6rOXFftcjV/,1715102746
ANONYMIZED,https://www.instagram.com/p/C6jEMSOMVfy/,1714847971
ANONYMIZED,https://www.instagram.com/reel/C6dv9lzKz2Y/,1714653339
ANONYMIZED,https://www.instagram.com/p/C6WJv9_Cinp/,1714436474
ANONYMIZED,https://www.instagram.com/p/C6OZdAkNSq-/,1714148209
ANONYMIZED,https://www.instagram.com/p/C6HF7tysdLV/,1713890521
ANONYMIZED,https://www.instagram.com/p/C6GY5LrL5CN/,1713871045
ANONYMIZED,https://www.instagram.com/p/C6E9DMeNX9Z/,1713819036
ANONYMIZED,https://www.instagram.com/p/C6CGRvpLsQ2/,1713724733
ANONYMIZED,https://www.instagram.com/p/C6B0f5JtAYU/,1713715444
ANONYMIZED,https://www.instagram.com/p/C5_gJeUtLqZ/,1713635473
ANONYMIZED,https://www.instagram.com/p/C5840nfM_ep/,1713559033
ANONYMIZED,https://www.instagram.com/p/C51TdJlNC7I/,1713337907
ANONYMIZED,https://www.instagram.com/p/C51Lt9MqnpV/,1713292248
ANONYMIZED,https://www.instagram.com/p/C5ybdl_trr6/,1713204431
ANONYMIZED,https://www.instagram.com/p/C5yQyRpKmol/,1713192148
ANONYMIZED,https://www.instagram.com/p/C5v4I_TJfE9/,1713114178
ANONYMIZED,https://www.instagram.com/p/C5vsk7ntaav/,1713109867
ANONYMIZED,https://www.instagram.com/p/C5tzfeUoOxJ/,1713054098
ANONYMIZED,https://www.instagram.com/p/C5sz4rhpryB/,1713010144
ANONYMIZED,https://www.instagram.com/p/C5qcfMpp3bg/,1712933741
ANONYMIZED,https://www.instagram.com/p/C5mBqEpKZcJ/,1712781064
ANONYMIZED,https://www.instagram.com/p/C5lrfA-oVyw/,1712770397
ANONYMIZED,https://www.instagram.com/p/C5lj2OnNgAd/,1712767712
ANONYMIZED,https://www.instagram.com/p/C5lXdRsIS2u/,1712767664
ANONYMIZED,https://www.instagram.com/p/C5i_DDmpVnk/,1712684746
ANONYMIZED,https://www.instagram.com/p/C5i11wFpBdB/,1712674858
ANONYMIZED,https://www.instagram.com/p/C5g1V3Po7oP/,1712609189
ANONYMIZED,https://www.instagram.com/p/C5gjh8So73v/,1712597982
ANONYMIZED,https://www.instagram.com/p/C5d8g3zIu9t/,1712590670
ANONYMIZED,https://www.instagram.com/p/C5beZVWt9Xp/,1712490330
ANONYMIZED,https://www.instagram.com/p/C5Tq2grNkKa/,1712177034
ANONYMIZED,https://www.instagram.com/reel/C5JZeWcLNQz/,1711820388
ANONYMIZED,https://www.instagram.com/p/C5IQHuNqvjo/,1711781942
ANONYMIZED,https://www.instagram.com/p/C46HcpNo8Ur/,1711380848
ANONYMIZED,https://www.instagram.com/reel/C475Jb3tr17/,1711369451
ANONYMIZED,https://www.instagram.com/p/C4wKWsSNEBA/,1710975776
ANONYMIZED,https://www.instagram.com/p/C4vwD63MXgA/,1710965763
ANONYMIZED,https://www.instagram.com/p/C4n-rrSNm0r/,1710701028
ANONYMIZED,https://www.instagram.com/reel/C4na6UkIInC/,1710680823
ANONYMIZED,https://www.instagram.com/p/C4lsavVoW1y/,1710622565
ANONYMIZED,https://www.instagram.com/p/C4lYIykIS03/,1710611374
ANONYMIZED,https://www.instagram.com/p/C4aJnSOqX90/,1710238159
ANONYMIZED,https://www.instagram.com/p/C4YNz4wNmKn/,1710176852
ANONYMIZED,https://www.instagram.com/p/C4VsoekoX3H/,1710092978
ANONYMIZED,https://www.instagram.com/p/C4TMsWrsGyz/,1710006013
ANONYMIZED,https://www.instagram.com/p/C4InvdsKpAP/,1709673181
ANONYMIZED,https://www.instagram.com/p/C4IhGLIK7Hw/,1709663765
ANONYMIZED,https://www.instagram.com/p/C4DW8sDNseP/,1709487107
ANONYMIZED,https://www.instagram.com/p/C4DKGEhg3Jo/,1709476273
ANONYMIZED,https://www.instagram.com/p/C38OvPOM1YV/,1709280557
ANONYMIZED,https://www.instagram.com/p/C34-RJONMNb/,1709122676
ANONYMIZED,https://www.instagram.com/p/C348VXIqmm-/,1709121753
ANONYMIZED,https://www.instagram.com/p/C30jerPMC-g/,1708986113
ANONYMIZED,https://www.instagram.com/p/C30ZVuPMr-Y/,1708971681
ANONYMIZED,https://www.instagram.com/p/C30ZAgkLXgx/,1708968777
ANONYMIZED,https://www.instagram.com/p/C30PEEPMN7j/,1708965598
ANONYMIZED,https://www.instagram.com/p/C3x8CmzowEJ/,1708887179
ANONYMIZED,https://www.instagram.com/reel/C3smV4IimXE/,1708712521
ANONYMIZED,https://www.instagram.com/p/C3r_Wl3KMOq/,1708692915
ANONYMIZED,https://www.instagram.com/p/C3lFHMoK3wV/,1708455819
ANONYMIZED,https://www.instagram.com/p/C3lFLAIKidS/,1708454846
ANONYMIZED,https://www.instagram.com/p/C3kzR5aNTUz/,1708453184
ANONYMIZED,https://www.instagram.com/p/C3j_HsAqsRt/,1708420706
ANONYMIZED,https://www.instagram.com/p/C3cL7i2ITw3/,1708166390
ANONYMIZED,https://www.instagram.com/reel/C3YfJ4nr3Ar/,1708032069
ANONYMIZED,https://www.instagram.com/p/C3X5AiFNWYG/,1708017353
ANONYMIZED,https://www.instagram.com/p/C3Q4yJeMjCS/,1707783825
ANONYMIZED,https://www.instagram.com/p/C3QSnGYiwbl/,1707758831
ANONYMIZED,https://www.instagram.com/reel/C3QDNsVMdpP/,1707749308
ANONYMIZED,https://www.instagram.com/p/C3P2RoKtF_D/,1707741877
ANONYMIZED,https://www.instagram.com/p/C3N7ZbsiP-c/,1707739176
ANONYMIZED,https://www.instagram.com/p/C3PRwnAK0Ow/,1707733693
ANONYMIZED,https://www.instagram.com/p/C3NyS3gNVtV/,1707687575
ANONYMIZED,https://www.instagram.com/p/C3LCo_xNZ-o/,1707655411
ANONYMIZED,https://www.instagram.com/p/C3Lr2oJtz4x/,1707651593
ANONYMIZED,https://www.instagram.com/p/C3K0p3YLOYb/,1707651562
ANONYMIZED,https://www.instagram.com/p/C3LhaQmI7T_/,1707650966
ANONYMIZED,https://www.instagram.com/p/C3LFh0coJR6/,1707590416
ANONYMIZED,https://www.instagram.com/p/C3I4lBDIozh/,1707507711
ANONYMIZED,https://www.instagram.com/p/C3HwdMpN1tV/,1707473264
ANONYMIZED,https://www.instagram.com/p/C27d1HgNlJP/,1707257495
ANONYMIZED,https://www.instagram.com/p/C2AVc3sKDXN/,1707249911
ANONYMIZED,https://www.instagram.com/p/C2-gi-dNFwI/,1707161215
ANONYMIZED,https://www.instagram.com/p/C28FMIHqDCN/,1707084341
ANONYMIZED,https://www.instagram.com/p/C22gxWdswOe/,1706891279
ANONYMIZED,https://www.instagram.com/p/C20SyvlCz3Y/,1706823826
ANONYMIZED,https://www.instagram.com/p/C2zgOFtqFNt/,1706806580
ANONYMIZED,https://www.instagram.com/p/C2zgp1-KWbC/,1706805744
ANONYMIZED,https://www.instagram.com/p/C2xkG9dKGN6/,1706728139
ANONYMIZED,https://www.instagram.com/p/C2qOduVt4y7/,1706488146
ANONYMIZED,https://www.instagram.com/p/C2ptY-6LocQ/,1706465632
ANONYMIZED,https://www.instagram.com/p/C2pkXRRtt-w/,1706460940
ANONYMIZED,https://www.instagram.com/p/C2S6_bXgPiu/,1706437640
ANONYMIZED,https://www.instagram.com/p/C2lDAYuIH7c/,1706305162
ANONYMIZED,https://www.instagram.com/reel/C2kqFNLrZwU/,1706294364
ANONYMIZED,https://www.instagram.com/p/C2VjPPLqt0f/,1705941906
ANONYMIZED,https://www.instagram.com/p/C2KmorTImRV/,1705494008
ANONYMIZED,https://www.instagram.com/p/C2KJ39uqT4G/,1705493985
ANONYMIZED,https://www.instagram.com/p/C2FW1zgoO8z/,1705244484
ANONYMIZED,https://www.instagram.com/p/C2Ajq7ALv0t/,1705084314
ANONYMIZED,https://www.instagram.com/p/C13EUiyok0G/,1704777027
ANONYMIZED,https://www.instagram.com/p/C12i_A7iJ-h/,1704746512
ANONYMIZED,https://www.instagram.com/p/C12XdoSruzf/,1704741909
ANONYMIZED,https://www.instagram.com/p/C1zpLHHtbVP/,1704649620
ANONYMIZED,https://www.instagram.com/p/C1wiCXgNr2q/,1704578250
ANONYMIZED,https://www.instagram.com/p/C1wFW4KKu7k/,1704538331
ANONYMIZED,https://www.instagram.com/p/C1sW-56o6c6/,1704408751
ANONYMIZED,https://www.instagram.com/p/C1oaNXhiPcn/,1704274967
ANONYMIZED,https://www.instagram.com/p/C1kV8aYqSOK/,1704140264
ANONYMIZED,https://www.instagram.com/p/C1hq2OtMqOy/,1704073958
ANONYMIZED,https://www.instagram.com/p/C1gtUndq9m_/,1704023131
ANONYMIZED,https://www.instagram.com/p/C1cWv3cq9V3/,1703878434
ANONYMIZED,https://www.instagram.com/reel/C1Zet3RtXeo/,1703795786
ANONYMIZED,https://www.instagram.com/p/C1ZzVTtIkQ7/,1703795762
ANONYMIZED,https://www.instagram.com/p/C1XSt4YoJfA/,1703719359
ANONYMIZED,https://www.instagram.com/p/C1U4abCs8Zs/,1703633473
ANONYMIZED,https://www.instagram.com/reel/C1RE1Y4IusZ/,1703490593
