user,comment,media_owner,timestamp
ANONYMIZED,EKÄ°Pdirrr,ilaydaholinoglu,2024-11-30 19:44:10
ANONYMIZED,ðð¤©ð,buseezcn,2024-11-23 21:18:34
ANONYMIZED,ONU YAZMAYA GELDÄ°M FECÄ° GÃRÃNÃYOMUÅ AQQQQQ NAZARLARDAN SAKLASIN RABBÄ°M ð©,ehe_ilayda,2024-11-02 21:34:34
ANONYMIZED,en mutlu bir en mutsuz anÄ±m art arda,2288u8890,2024-10-29 23:55:31
ANONYMIZED,Ã§oktan aldÄ±k biletleri ðð¤©,onatuzuun,2024-10-28 15:08:43
ANONYMIZED,kalp Ã§arpÄ±ntÄ±sÄ±,ilaydaholinoglu,2024-10-26 21:52:24
ANONYMIZED,ð¥¹â¤ï¸,su_gastro,2024-10-25 08:57:36
ANONYMIZED,yyok artÄ±k ð« ,sueda.yercizen,2024-10-19 18:09:25
ANONYMIZED,ðð,su_gastro,2024-10-17 18:45:16
ANONYMIZED,kraliÃ§e,__eceozdemir__,2024-10-06 17:49:34
ANONYMIZED,"in Stockholm, when I went there by myself ðð",adaakbu1ut,2024-09-30 07:21:16
ANONYMIZED,i miss u guys too ð¥¹ð,adaakbu1ut,2024-09-29 16:53:27
ANONYMIZED,kapÄ±ÅÄ±r ð,adaakbu1ut,2024-09-29 16:52:39
ANONYMIZED,ooooooooh gerÃ§ek eÄlence,2288u8890,2024-09-14 19:34:00
ANONYMIZED,Ä°SYAAAAAN,N/A,2024-09-12 16:06:43
ANONYMIZED,stardan biÅi isteyen var mÄ± ð,adaakbu1ut,2024-09-11 13:27:04
ANONYMIZED,ALLLAAAAHHHHHHH 918 BAYILTTI,ehe_ilayda,2024-09-08 21:31:19
ANONYMIZED,ðð,su_gastro,2024-09-08 17:26:21
ANONYMIZED,ðâ¨,sufirst,2024-09-08 15:27:24
ANONYMIZED,biz de Ã¶zledik...,onatuzuun,2024-09-01 16:35:59
ANONYMIZED,ð¥³ðð½ââï¸ââ¡ï¸ðð½ââï¸ââ¡ï¸,sufirst,2024-08-28 16:01:13
ANONYMIZED,beni sizler yarattÄ±nÄ±z ð¤ð½,ehe_ilayda,2024-08-19 19:10:19
ANONYMIZED,Ã§ap yapan uzun saÃ§lÄ± abla core,ehe_ilayda,2024-08-19 19:02:37
ANONYMIZED,BEN VAR ð¥ð¥ð¥ð¥ð­ðð,ehe_ilayda,2024-08-19 19:02:14
ANONYMIZED,Sizleri bekliyoruzz ð¥³ð,sabanci_university,2024-08-13 09:19:44
ANONYMIZED,ð¥¹ð¥¹ð­,ilaydaholinoglu,2024-08-12 15:22:33
ANONYMIZED,ðªð¼ð¥,oztaefe,2024-08-11 15:11:25
ANONYMIZED,ð¤©ð¤©ð,sueda.yercizen,2024-08-10 20:33:10
ANONYMIZED,enfes.,ilaydaholinoglu,2024-08-10 20:09:11
ANONYMIZED,yok artÄ±k ðð¼ðð¼ðð¼,N/A,2024-07-15 17:07:03
ANONYMIZED,ð«µð¼ð¥,__eceozdemir__,2024-07-09 19:54:09
ANONYMIZED,ðð,sbh.grl,2024-06-28 19:37:34
ANONYMIZED,kravat ðð©ð,sbh.grl,2024-06-28 19:36:30
ANONYMIZED,bir tÃ¼rlÃ¼ dÃ¶nmeyiÅin ðð,onatuzuun,2024-06-27 12:56:32
ANONYMIZED,ð¤ð§¿,N/A,2024-06-23 15:45:24
ANONYMIZED,TeÅekkÃ¼rler Ã¶Äretmenim ð¥°,adaakbu1ut,2024-06-22 19:22:39
ANONYMIZED,iÅte o kadar Ã¶zlemiÅiz...,adaakbu1ut,2024-06-21 21:46:07
ANONYMIZED,ð¥¹ð¥¹ðð§¡,sbh.grl,2024-06-14 20:08:58
ANONYMIZED,senenin en gÃ¼zel gÃ¼nÃ¼ aqqqqq,cigkofteciler.dernegi,2024-06-11 10:09:51
ANONYMIZED,ð¥ð¥ððªï¸,sbh.grl,2024-05-27 17:51:42
ANONYMIZED,meme... of memeyi unut... uhud... hicret... of meme.. allahÄ±m yardÄ±m et... mekkeli mÃ¼Årikler,realdeloyloy,2024-04-15 14:43:10
ANONYMIZED,yaÅ 35 yolun yarÄ±sÄ± eder,onatuzuun,2024-03-30 17:40:05
ANONYMIZED,kiÅniyorum,realdeloyloy,2024-02-20 18:47:51
ANONYMIZED,AT gibiliÄin Åaka mÄ±,realdeloyloy,2024-02-20 18:47:43
ANONYMIZED,favori Ã§algÄ±cÄ±m ð,onatuzuun,2024-02-02 22:13:21
ANONYMIZED,KARDEÅÄ°M ANÄ° BÄ°R HAREKET YAPMA DUR KIVIRCIK HALÄ°NE AYRI HASTAYIZ DUR,realdeloyloy,2024-02-01 17:49:25
ANONYMIZED,bu mevzu KALICI MI,realdeloyloy,2024-02-01 16:42:34
